{
  "timestamp": "2026-02-27T00:23:18.309631",
  "n_folds": 2,
  "batch_size": 16,
  "epochs": 5,
  "learning_rate": 0.001,
  "avg_auc": 0.99999824,
  "avg_sensitivity": 1.0,
  "avg_specificity": 0.9752000000000001,
  "fold_results": [
    {
      "fold": 1,
      "best_auc": 1.0,
      "final_sensitivity": 1.0,
      "final_specificity": 0.9976
    },
    {
      "fold": 2,
      "best_auc": 0.9999964800000001,
      "final_sensitivity": 1.0,
      "final_specificity": 0.9528
    }
  ],
  "fold_histories": [
    {
      "train_loss": [
        0.17049823559749241,
        0.07086723361211938,
        0.06363568821856484,
        0.05515249416354103,
        0.03876956805777245
      ],
      "train_auc": [
        0.9883497600000001,
        0.99509664,
        0.99486992,
        0.9964966399999999,
        0.9984696
      ],
      "val_loss": [
        0.02345852280993717,
        0.010429278833601183,
        0.02138296833050589,
        0.00854725154345861,
        0.00999752450221108
      ],
      "val_auc": [
        0.9999990400000001,
        1.0,
        0.99999424,
        0.9999980799999999,
        1.0
      ],
      "val_sensitivity": [
        0.9992,
        0.9996,
        1.0,
        1.0,
        1.0
      ],
      "val_specificity": [
        0.9996,
        1.0,
        0.9944,
        0.996,
        0.9976
      ]
    },
    {
      "train_loss": [
        0.17400139868973544,
        0.07501256822075802,
        0.05726645369612323,
        0.048610451607444226,
        0.044758647526301945
      ],
      "train_auc": [
        0.9887574400000001,
        0.99380496,
        0.9949335200000001,
        0.99673792,
        0.9971189600000001
      ],
      "val_loss": [
        0.03852440824154943,
        0.012052523585917137,
        0.00719364364214908,
        0.02568530655293443,
        0.07680810492830917
      ],
      "val_auc": [
        0.9999929599999999,
        0.99999456,
        0.9999964800000001,
        0.99998608,
        0.99906496
      ],
      "val_sensitivity": [
        0.984,
        0.998,
        0.9976,
        1.0,
        1.0
      ],
      "val_specificity": [
        1.0,
        0.9992,
        0.9996,
        0.9764,
        0.9528
      ]
    }
  ]
}