{
  "timestamp": "2026-02-26T20:53:03.237097",
  "n_folds": 3,
  "batch_size": 64,
  "epochs": 15,
  "learning_rate": 0.001,
  "avg_auc": 0.9999990402398847,
  "avg_sensitivity": 0.9994001199760048,
  "avg_specificity": 0.9934011997120383,
  "fold_results": [
    {
      "fold": 1,
      "best_auc": 0.9999978408637409,
      "final_sensitivity": 0.9994001199760048,
      "final_specificity": 0.997000599880024
    },
    {
      "fold": 2,
      "best_auc": 1.0,
      "final_sensitivity": 1.0,
      "final_specificity": 0.9838032393521295
    },
    {
      "fold": 3,
      "best_auc": 0.9999992798559135,
      "final_sensitivity": 0.9988002399520096,
      "final_specificity": 0.9993997599039616
    }
  ],
  "fold_histories": [
    {
      "train_loss": [
        0.22724144323950723,
        0.07281014786234924,
        0.04740666134194249,
        0.03153047701787381,
        0.020862256473905983,
        0.02184771698943916,
        0.017460832339046255,
        0.014268550412019803,
        0.02833398267671111,
        0.014580011070661602,
        0.01608730269862073
      ],
      "train_auc": [
        0.9939384577521658,
        0.9975001100470083,
        0.9978842168645308,
        0.9980530006195939,
        0.999211442296345,
        0.999194878983848,
        0.9990420284152628,
        0.9996113022643397,
        0.9994885177086567,
        0.9995271804408162,
        0.9989782506603496
      ],
      "val_loss": [
        0.0663425511206096,
        0.021049436006062437,
        0.01355937583688295,
        0.010061658615738435,
        0.012546442042737495,
        0.005767642039331203,
        0.0059326653026114656,
        0.020724689191479656,
        0.04255034305393599,
        0.05079698905635423,
        0.007277375026737814
      ],
      "val_auc": [
        0.9999978408637409,
        0.999996041583525,
        0.9999971211516545,
        0.9999964014395681,
        0.9999978408637409,
        0.9999974810076977,
        0.9999974810076977,
        0.9999910035989203,
        0.9999971211516545,
        0.9999953218714386,
        0.9999964014395681
      ],
      "val_sensitivity": [
        0.9982003599280144,
        0.9994001199760048,
        0.997000599880024,
        0.9982003599280144,
        1.0,
        0.9988002399520096,
        0.9994001199760048,
        0.9994001199760048,
        1.0,
        1.0,
        0.9994001199760048
      ],
      "val_specificity": [
        1.0,
        0.9982003599280144,
        1.0,
        1.0,
        0.9922015596880623,
        0.9988002399520096,
        0.9988002399520096,
        0.9892021595680864,
        0.967006598680264,
        0.9610077984403119,
        0.997000599880024
      ]
    },
    {
      "train_loss": [
        0.19791507536456698,
        0.05827454621238368,
        0.0367601906348552,
        0.026560239165666556,
        0.028068465876969553,
        0.0287679717166438,
        0.017625405816804794,
        0.012412763163003894,
        0.01634737384904708,
        0.017555025216591146,
        0.012722062094447513,
        0.0172416746261574,
        0.009052883321419358,
        0.009321766330062278,
        0.011831752827302332
      ],
      "train_auc": [
        0.9945977501169433,
        0.9989868812916085,
        0.9983756624012731,
        0.9992919957862612,
        0.9991910708767338,
        0.9991035096311071,
        0.9998136286334094,
        0.99922094788963,
        0.9991712728561398,
        0.999077772204335,
        0.9996358964030777,
        0.9994451154773546,
        0.9998115588403471,
        0.9998482751694485,
        0.999459199069277
      ],
      "val_loss": [
        0.055381620619094594,
        0.026416990554557658,
        0.010903386100423787,
        0.007493735273491661,
        0.007642155989811246,
        0.005564696744154647,
        0.0035333820434181756,
        0.004402222759793249,
        0.006479423142802673,
        0.013022004046811248,
        0.010667400611432726,
        0.00213328050229839,
        0.002117459347607779,
        0.003318967341328971,
        0.013761119509581476
      ],
      "val_auc": [
        0.9999924384870925,
        0.9999942388473085,
        0.9999996399279567,
        0.9999985597118272,
        0.9999989197838703,
        0.9999996399279568,
        0.9999996399279567,
        1.0,
        0.9999989197838703,
        1.0,
        1.0,
        1.0,
        1.0,
        1.0,
        1.0
      ],
      "val_sensitivity": [
        0.9933973589435774,
        0.9939975990396158,
        0.9975990396158463,
        0.9981992797118847,
        0.996998799519808,
        0.9987995198079231,
        1.0,
        1.0,
        1.0,
        1.0,
        1.0,
        1.0,
        0.9993997599039616,
        1.0,
        1.0
      ],
      "val_specificity": [
        1.0,
        1.0,
        1.0,
        0.9994001199760048,
        1.0,
        1.0,
        0.9994001199760048,
        0.997000599880024,
        0.9946010797840432,
        0.9886022795440912,
        0.991001799640072,
        0.9994001199760048,
        1.0,
        0.9976004799040192,
        0.9838032393521295
      ]
    },
    {
      "train_loss": [
        0.1925407991168045,
        0.05741140038839408,
        0.033384830726399306,
        0.025526494670304514,
        0.02704921304913504,
        0.020506242556231364,
        0.013124302785754913,
        0.011882569310477093,
        0.011768862459852937,
        0.010768542833448875,
        0.010946588779223106,
        0.0076458023827789085,
        0.00972540242808117,
        0.012251788141050686,
        0.010946753124396006
      ],
      "train_auc": [
        0.9964971902109226,
        0.9981266572968035,
        0.9989741925602278,
        0.9993580041867415,
        0.9995328567049866,
        0.9996227577166835,
        0.9996097990122947,
        0.9997088791062669,
        0.9994840815815234,
        0.999881391858442,
        0.9998585341437563,
        0.9999462753713884,
        0.9997768223133051,
        0.999459064082773,
        0.999657044288712
      ],
      "val_loss": [
        0.0640121894484421,
        0.031506286969162384,
        0.011992197510136186,
        0.01147764893072956,
        0.007652684084122193,
        0.007245497608926358,
        0.004108403328331714,
        0.0035550614922166854,
        0.0054681293626825484,
        0.004259516967994266,
        0.006328090618997109,
        0.0031182650824841817,
        0.00596559229165476,
        0.01857269954327318,
        0.004633014441801692
      ],
      "val_auc": [
        0.9999938787752654,
        0.999994958991395,
        0.9999945989193518,
        0.9999963992795678,
        0.9999981996397839,
        0.9999971194236543,
        0.9999978395677407,
        0.999996759351611,
        0.9999960392075247,
        0.9999989197838703,
        0.9999992798559135,
        0.9999978395677407,
        0.9999978395677407,
        0.9999956791354815,
        0.9999981996397839
      ],
      "val_sensitivity": [
        0.9886022795440912,
        0.9904019196160768,
        0.9988002399520096,
        0.9976004799040192,
        0.9994001199760048,
        1.0,
        0.9982003599280144,
        0.9982003599280144,
        0.9988002399520096,
        1.0,
        1.0,
        0.9988002399520096,
        1.0,
        1.0,
        0.9988002399520096
      ],
      "val_specificity": [
        1.0,
        1.0,
        0.9993997599039616,
        1.0,
        0.9975990396158463,
        0.9933973589435774,
        1.0,
        1.0,
        0.9987995198079231,
        0.996998799519808,
        0.9951980792316927,
        0.9987995198079231,
        0.9981992797118847,
        0.9819927971188476,
        0.9993997599039616
      ]
    }
  ]
}